school_name,store_page,schoolsupplier_id,products
Abbey Primary,https://schoolwearmadeeasy.com/collections/abbey-primary,0.0,"[{'schoolsupplier_id': 0, 'id': 0, 'name': 'School Gym Shorts Navy\n', 'link': 'https://schoolwearmadeeasy.com/collections/abbey-primary/products/school-gym-shorts-navy', 'price': '£7.95', 'image': '//schoolwearmadeeasy.com/cdn/shop/files/571640c3-e9b5-479f-b830-da33554d4bf6_280x.jpg?v=1683806716 1x,//schoolwearmadeeasy.com/cdn/shop/files/571640c3-e9b5-479f-b830-da33554d4bf6_560x.jpg?v=1683806716 2x'}, {'schoolsupplier_id': 0, 'id': 1, 'name': 'Abbey Primary Poloshirt Sky\n', 'link': 'https://schoolwearmadeeasy.com/collections/abbey-primary/products/abbey-primary-poloshirt-sky', 'price': '£9.95', 'image': '//schoolwearmadeeasy.com/cdn/shop/products/629658f5-3d11-4481-934b-62471a7c5197_280x.jpg?v=1634724711 1x,//schoolwearmadeeasy.com/cdn/shop/products/629658f5-3d11-4481-934b-62471a7c5197_560x.jpg?v=1634724711 2x'}, {'schoolsupplier_id': 0, 'id': 2, 'name': 'Abbey Primary Crew Neck Sweatshirt Navy\n', 'link': 'https://schoolwearmadeeasy.com/collections/abbey-primary/products/abbey-primary-crew-neck-sweatshirt-navy', 'price': '£13.95', 'image': '//schoolwearmadeeasy.com/cdn/shop/products/4aa090e9-8955-49d2-9c65-afcd10af9e70_280x.jpg?v=1634724708 1x,//schoolwearmadeeasy.com/cdn/shop/products/4aa090e9-8955-49d2-9c65-afcd10af9e70_560x.jpg?v=1634724708 2x'}, {'schoolsupplier_id': 0, 'id': 3, 'name': 'Abbey Primary Tie\n', 'link': 'https://schoolwearmadeeasy.com/collections/abbey-primary/products/abbey-primary-tie', 'price': '£5.95', 'image': '//schoolwearmadeeasy.com/cdn/shop/products/cc00a79e-dada-4b66-8e94-5f1f36af51ba_280x.jpg?v=1634724716 1x,//schoolwearmadeeasy.com/cdn/shop/products/cc00a79e-dada-4b66-8e94-5f1f36af51ba_560x.jpg?v=1634724716 2x'}, {'schoolsupplier_id': 0, 'id': 4, 'name': 'Abbey Primary V-Neck Sweatshirt Navy\n', 'link': 'https://schoolwearmadeeasy.com/collections/abbey-primary/products/abbey-primary-v-neck-sweatshirt-navy', 'price': '£14.95', 'image': '//schoolwearmadeeasy.com/cdn/shop/products/df9dedd7-0357-4017-9d4b-92ce6b3c3e41_280x.jpg?v=1634724714 1x,//schoolwearmadeeasy.com/cdn/shop/products/df9dedd7-0357-4017-9d4b-92ce6b3c3e41_560x.jpg?v=1634724714 2x'}, {'schoolsupplier_id': 0, 'id': 5, 'name': 'Abbey Primary Sweat Cardigan Navy\n', 'link': 'https://schoolwearmadeeasy.com/collections/abbey-primary/products/abbey-primary-sweat-cardigan-navy', 'price': '£15.95', 'image': '//schoolwearmadeeasy.com/cdn/shop/products/62502488-4bbc-4003-92f8-4e2e49bb5855_280x.jpg?v=1634724705 1x,//schoolwearmadeeasy.com/cdn/shop/products/62502488-4bbc-4003-92f8-4e2e49bb5855_560x.jpg?v=1634724705 2x'}, {'schoolsupplier_id': 0, 'id': 6, 'name': 'Abbey Primary Outdoor Fleece Navy\n', 'link': 'https://schoolwearmadeeasy.com/collections/abbey-primary/products/abbey-primary-outdoor-fleece-navy', 'price': '£16.95', 'image': '//schoolwearmadeeasy.com/cdn/shop/products/faeac1e1-de2f-476f-9b47-d548a6df8449_280x.jpg?v=1634724692 1x,//schoolwearmadeeasy.com/cdn/shop/products/faeac1e1-de2f-476f-9b47-d548a6df8449_560x.jpg?v=1634724692 2x'}, {'schoolsupplier_id': 0, 'id': 7, 'name': 'Abbey Primary Gym T-Shirt Sky\n', 'link': 'https://schoolwearmadeeasy.com/collections/abbey-primary/products/abbey-primary-gym-t-shirt-sky', 'price': '£7.95', 'image': '//schoolwearmadeeasy.com/cdn/shop/products/bbd6c36c-4b0e-474c-85ae-6af6ca55f76f_280x.jpg?v=1681222371 1x,//schoolwearmadeeasy.com/cdn/shop/products/bbd6c36c-4b0e-474c-85ae-6af6ca55f76f_560x.jpg?v=1681222371 2x'}, {'schoolsupplier_id': 0, 'id': 8, 'name': 'Abbey Primary Core Kids Winter Parka Navy\n', 'link': 'https://schoolwearmadeeasy.com/collections/abbey-primary/products/abbey-primary-core-kids-winter-parka-navy', 'price': '£27.50', 'image': ''}, {'schoolsupplier_id': 0, 'id': 9, 'name': 'Abbey Primary Gym Bag Navy\n', 'link': 'https://schoolwearmadeeasy.com/collections/abbey-primary/products/abbey-primary-gym-bag-navy', 'price': '£4.95', 'image': ''}]"
Aberchirder Primary,https://schoolwearmadeeasy.com/collections/aberchirder-primary-school,,
Abronhill Primary,https://schoolwearmadeeasy.com/collections/abronhill-primary-school,,
Aldourie Primary,https://schoolwearmadeeasy.com/collections/aldourie-primary-school,,
Alexander Peden Primary,https://schoolwearmadeeasy.com/collections/alexander-peden-primary-school,,
Alloway Primary,https://schoolwearmadeeasy.com/collections/alloway-primary,,
Alvie Primary,https://schoolwearmadeeasy.com/collections/alvie-primary,,
Annick Primary,https://schoolwearmadeeasy.com/collections/annick-primary,,
Antonine Primary,https://schoolwearmadeeasy.com/collections/antonine-primary,,
Arbirlot Primary,https://schoolwearmadeeasy.com/collections/arbirlot-primary,,
Ardeer Primary,https://schoolwearmadeeasy.com/collections/ardeer-primary,,
Ardersier Primary,https://schoolwearmadeeasy.com/collections/ardersier-primary,,
Ardross Primary,https://schoolwearmadeeasy.com/collections/ardross-primary,,
Arduthie Primary,https://schoolwearmadeeasy.com/collections/arduthie-primary,,
Arkleston Primary,https://schoolwearmadeeasy.com/collections/arkleston-primary,,
Arrochar Primary,https://schoolwearmadeeasy.com/collections/arrochar-primary,,
Ashpark Primary,https://schoolwearmadeeasy.com/collections/ashpark-primary,,
Auchenlodment Primary,https://schoolwearmadeeasy.com/collections/auchenlodment-primary,,
Auchtertyre Primary,https://schoolwearmadeeasy.com/collections/auchtertyre-primary,,
Auldearn Primary,https://schoolwearmadeeasy.com/collections/auldearn-primary,,
Aviemore Primary,https://schoolwearmadeeasy.com/collections/aviemore-primary,,
Avoch Primary,https://schoolwearmadeeasy.com/collections/avoch-primary,,
Baldernock Primary,https://schoolwearmadeeasy.com/collections/baldernock-primary,,
Baljaffray Primary,https://schoolwearmadeeasy.com/collections/baljaffray-primary,,
Ballater Primary,https://schoolwearmadeeasy.com/collections/ballater-primary,,
Balloch Primary,https://schoolwearmadeeasy.com/collections/balloch-primary,,
Balnain Primary,https://schoolwearmadeeasy.com/collections/balnain-primary,,
Banchory Devenick Primary,https://schoolwearmadeeasy.com/collections/banchory-devenick-primary,,
Banchory Primary,https://schoolwearmadeeasy.com/collections/banchory-primary,,
Bankhead Primary,https://schoolwearmadeeasy.com/collections/bankhead-primary,,
Bankhead Primary Knightswood,https://schoolwearmadeeasy.com/collections/bankhead-primary-knightswood,,
Bargarran Primary,https://schoolwearmadeeasy.com/collections/bargarran-primary,,
Barrassie Primary,https://schoolwearmadeeasy.com/collections/barrassie-primary,,
Barsail Primary,https://schoolwearmadeeasy.com/collections/barsail-primary,,
Barthol Chapel Primary,https://schoolwearmadeeasy.com/collections/barthol-chapel-primary,,
Bearsden Primary,https://schoolwearmadeeasy.com/collections/bearsden-primary,,
Beauly Primary,https://schoolwearmadeeasy.com/collections/beauly-primary,,
Beckford Primary,https://schoolwearmadeeasy.com/collections/beckford-primary,,
Beith Primary,https://schoolwearmadeeasy.com/collections/beith-primary,,
Bellater Primary,https://schoolwearmadeeasy.com/collections/bellater-primary,,
Bellsbank Primary,https://schoolwearmadeeasy.com/collections/bellsbank-primary,,
Ben Wyvis Primary,https://schoolwearmadeeasy.com/collections/ben-wyvis-primary,,
Bervie Primary,https://schoolwearmadeeasy.com/collections/bervie-primary,,
Bishop Eden's Primary,https://schoolwearmadeeasy.com/collections/bishop-edens-primary,,
Bishopton Primary,https://schoolwearmadeeasy.com/collections/bishopton-primary,,
Blackfriars Primary,https://schoolwearmadeeasy.com/collections/blackfriars-primary,,
Blacklands Primary,https://schoolwearmadeeasy.com/collections/blacklands-primary,,
Blairdardie Primary,https://schoolwearmadeeasy.com/collections/blairdardie-primary,,
Bonhill Primary,https://schoolwearmadeeasy.com/collections/bonhill-primary,,
Borrowfield Primary,https://schoolwearmadeeasy.com/collections/borrowfield-primary,,
Brediland Primary,https://schoolwearmadeeasy.com/collections/brediland-primary,,
Bridge of Weir Primary,https://schoolwearmadeeasy.com/collections/bridge-of-weir-primary,,
Bridgend Primary,https://schoolwearmadeeasy.com/collections/bridgend-primary,,
Bridgeton Family Learning Centre,https://schoolwearmadeeasy.com/collections/bridgeton-family-learning-centre,,
Brimmond School,https://schoolwearmadeeasy.com/collections/brimmond-school,,
Broadford Primary,https://schoolwearmadeeasy.com/collections/broadford-primary,,
Brodick Primary,https://schoolwearmadeeasy.com/collections/brodick-primary,,
Broomhill Primary,https://schoolwearmadeeasy.com/collections/broomhill-primary,,
Bunsgoil Ghaidhlig Ghlaschu,https://schoolwearmadeeasy.com/collections/bunsgoil-ghaidhlig-ghlaschu,,
Bun-Sgoil Ghaidhlig Inbhir Nis,https://schoolwearmadeeasy.com/collections/bun-sgoil-ghaidhlig-inbhir-nis,,
Burgh Primary,https://schoolwearmadeeasy.com/collections/burgh-primary,,
Bushes Primary,https://schoolwearmadeeasy.com/collections/bushes-primary,,
Cadder Primary,https://schoolwearmadeeasy.com/collections/cadder-primary,,
Cairns Primary,https://schoolwearmadeeasy.com/collections/cairns-primary,,
Caldercuilt Primary,https://schoolwearmadeeasy.com/collections/caldercuilt-primary,,
Calderwood Lodge Primary,https://schoolwearmadeeasy.com/collections/calderwood-lodge-primary,,
Calderwood Primary,https://schoolwearmadeeasy.com/collections/calderwood-primary,,
Calton Gaelic Primary,https://schoolwearmadeeasy.com/collections/calton-gaelic-primary,,
Canisbay Primary,https://schoolwearmadeeasy.com/collections/canisbay-primary,,
Carbost Primary,https://schoolwearmadeeasy.com/collections/carbost-primary,,
Cardonald Primary,https://schoolwearmadeeasy.com/collections/cardonald-primary,,
Carleton Primary,https://schoolwearmadeeasy.com/collections/carleton-primary,,
Carlibar Primary,https://schoolwearmadeeasy.com/collections/carlibar-primary,,
Carmyle Primary,https://schoolwearmadeeasy.com/collections/carmyle-primary,,
Carmyllie Primary,https://schoolwearmadeeasy.com/collections/carmyllie-primary,,
Carolside Primary,https://schoolwearmadeeasy.com/collections/carolside-primary,,
Carr-Bridge Primary,https://schoolwearmadeeasy.com/collections/carr-bridge-primary,,
Castlefield Primary,https://schoolwearmadeeasy.com/collections/castlefield-primary,,
Castlehill Primary,https://schoolwearmadeeasy.com/collections/castlehill-primary,,
Castlehill Primary Bearsden,https://schoolwearmadeeasy.com/collections/castlehill-primary-bearsden,,
Castlepark Primary,https://schoolwearmadeeasy.com/collections/castlepark-primary,,
Castletown Primary,https://schoolwearmadeeasy.com/collections/castletown-primary,,
Cauldeen Primary,https://schoolwearmadeeasy.com/collections/cauldeen-primary,,
Cawdor Primary,https://schoolwearmadeeasy.com/collections/cawdor-primary,,
Central Primary,https://schoolwearmadeeasy.com/collections/central-primary,,
Chirnsyde Primary,https://schoolwearmadeeasy.com/collections/chirnsyde-primary,,
Christie Park Primary,https://schoolwearmadeeasy.com/collections/christie-park-primary,,
Cleish Primary,https://schoolwearmadeeasy.com/collections/cleish-primary,,
Clober Primary,https://schoolwearmadeeasy.com/collections/clober-primary,,
Cluny School,https://schoolwearmadeeasy.com/collections/cluny-school,,
Clydemuir Primary,https://schoolwearmadeeasy.com/collections/clydemuir-primary,,
Cochrane Castle Primary,https://schoolwearmadeeasy.com/collections/cochrane-castle-primary,,
Colquhoun Park,https://schoolwearmadeeasy.com/collections/colquhoun-park,,
Corrie Primary,https://schoolwearmadeeasy.com/collections/corrie-primary,,
Coulhill Primary,https://schoolwearmadeeasy.com/collections/coulhill-primary,,
Countesswells Primary,https://schoolwearmadeeasy.com/collections/countesswells-primary,,
Cradlehall Primary,https://schoolwearmadeeasy.com/collections/cradlehall-primary,,
Craighill Primary,https://schoolwearmadeeasy.com/collections/craighill-primary,,
Craigmarloch Junior School,https://schoolwearmadeeasy.com/collections/craigmarloch-junior-school,,
Craigmarloch Primary,https://schoolwearmadeeasy.com/collections/craigmarloch-primary,,
Craigowl Primary,https://schoolwearmadeeasy.com/collections/craigowl-primary,,
Crathes Primary,https://schoolwearmadeeasy.com/collections/crathes-primary,,
Crathie Primary,https://schoolwearmadeeasy.com/collections/crathie-primary,,
Crieff Primary,https://schoolwearmadeeasy.com/collections/crieff-primary,,
Cromarty Primary,https://schoolwearmadeeasy.com/collections/cromarty-primary,,
Crombie Primary,https://schoolwearmadeeasy.com/collections/crombie-primary,,
Crookfur Primary,https://schoolwearmadeeasy.com/collections/crookfur-primary,,
Cross Arthurlie Primary,https://schoolwearmadeeasy.com/collections/cross-arthurlie-primary,,
Crown Primary,https://schoolwearmadeeasy.com/collections/crown-primary,,
Croy Primary,https://schoolwearmadeeasy.com/collections/croy-primary,,
Dairsie Primary,https://schoolwearmadeeasy.com/collections/dairsie-primary,,
Dalmarnock Primary,https://schoolwearmadeeasy.com/collections/dalmarnock-primary,,
Dalneigh Primary,https://schoolwearmadeeasy.com/collections/dalneigh-primary,,
Dalreoch Primary,https://schoolwearmadeeasy.com/collections/dalreoch-primary,,
Dalry Primary,https://schoolwearmadeeasy.com/collections/dalry-primary,,
Dalrymple Primary,https://schoolwearmadeeasy.com/collections/dalrymple-primary,,
Dalserf Primary,https://schoolwearmadeeasy.com/collections/dalserf-primary,,
Dargavel Primary,https://schoolwearmadeeasy.com/collections/dargavel-primary,,
Darnley Primary,https://schoolwearmadeeasy.com/collections/darnley-primary,,
Daviot Primary,https://schoolwearmadeeasy.com/collections/daviot-primary,,
Dingwall Primary,https://schoolwearmadeeasy.com/collections/dingwall-primary,,
Dingwall Gaelic Primary,https://schoolwearmadeeasy.com/collections/dingwall-gaelic-primary,,
Dochgarroch Primary,https://schoolwearmadeeasy.com/collections/dochgarroch-primary,,
Dornoch Primary,https://schoolwearmadeeasy.com/collections/dornoch-primary,,
Downfield Primary,https://schoolwearmadeeasy.com/collections/downfield-primary,,
Drakies Primary,https://schoolwearmadeeasy.com/collections/drakies-primary,,
Dreghorn Primary,https://schoolwearmadeeasy.com/collections/dreghorn-primary,,
Drummond Primary,https://schoolwearmadeeasy.com/collections/drummond-primary,,
Dunbeg Primary,https://schoolwearmadeeasy.com/collections/dunbeg-primary,,
Duncan Forbes Primary,https://schoolwearmadeeasy.com/collections/duncan-forbes-primary,,
Dundonald Primary,https://schoolwearmadeeasy.com/collections/dundonald-primary,,
Dunnottar Primary,https://schoolwearmadeeasy.com/collections/dunnottar-primary,,
Durness Primary,https://schoolwearmadeeasy.com/collections/durness-primary,,
Durris Primary,https://schoolwearmadeeasy.com/collections/durris-primary,,
Dyke Primary,https://schoolwearmadeeasy.com/collections/dyke-primary,,
Eaglesham Primary,https://schoolwearmadeeasy.com/collections/eaglesham-primary,,
East Fulton Primary,https://schoolwearmadeeasy.com/collections/east-fulton-primary,,
Edderton Primary,https://schoolwearmadeeasy.com/collections/edderton-primary,,
Edinbane Primary,https://schoolwearmadeeasy.com/collections/edinbane-primary,,
Edinbarnet Primary,https://schoolwearmadeeasy.com/collections/edinbarnet-primary,,
Elderbank Primary,https://schoolwearmadeeasy.com/collections/elderbank-primary,,
Elie Primary,https://schoolwearmadeeasy.com/collections/elie-primary,,
Elmvale Primary,https://schoolwearmadeeasy.com/collections/elmvale-primary,,
Errol Primary,https://schoolwearmadeeasy.com/collections/errol-primary,,
Farr Primary,https://schoolwearmadeeasy.com/collections/farr-primary,,
Ferintosh Primary,https://schoolwearmadeeasy.com/collections/ferintosh-primary,,
Ferryden Primary,https://schoolwearmadeeasy.com/collections/ferryden-primary,,
Fishermoss Primary,https://schoolwearmadeeasy.com/collections/fishermoss-primary,,
Fordbank Primary,https://schoolwearmadeeasy.com/collections/fordbank-primary,,
Forgandenny Primary,https://schoolwearmadeeasy.com/collections/forgandenny-primary,,
Friockheim Primary,https://schoolwearmadeeasy.com/collections/friockheim-primary,,
Froxfield Primary,https://schoolwearmadeeasy.com/collections/froxfield-primary,,
Gairloch Primary,https://schoolwearmadeeasy.com/collections/gairloch-primary,,
Gallowhill Primary,https://schoolwearmadeeasy.com/collections/gallowhill-primary,,
Galston Primary,https://schoolwearmadeeasy.com/collections/galston-primary,,
Garnetbank Primary ,https://schoolwearmadeeasy.com/collections/garnetbank-primary,,
Garnock Primary,https://schoolwearmadeeasy.com/collections/garnock-primary,,
Gartocharn Primary,https://schoolwearmadeeasy.com/collections/gartocharn-primary,,
Gateside Primary,https://schoolwearmadeeasy.com/collections/gateside-primary,,
Gavinburn Primary,https://schoolwearmadeeasy.com/collections/gavinburn-primary,,
Gergask Primary,https://schoolwearmadeeasy.com/collections/gergask-primary,,
Giffnock Primary,https://schoolwearmadeeasy.com/collections/giffnock-primary,,
Glasgow Gaelic Primary,https://schoolwearmadeeasy.com/collections/bunsgoil-ghaidhlig-ghlaschu,,
Glencairn Primary,https://schoolwearmadeeasy.com/collections/glencairn-primary,,
Glencoats Primary,https://schoolwearmadeeasy.com/collections/glencoats-primary,,
Glendale Gaelic Primary,https://schoolwearmadeeasy.com/collections/glendale-gaelic-primary,,
Glenelg Primary,https://schoolwearmadeeasy.com/collections/glenelg-primary,,
Glengarnock Primary,https://schoolwearmadeeasy.com/collections/glengarnock-primary,,
Glenurquhart Gaelic Primary,https://schoolwearmadeeasy.com/collections/glenurquhart-gaelic-primary,,
Glenurquhart Primary,https://schoolwearmadeeasy.com/collections/glenurquhart-primary,,
Goldenhill Primary,https://schoolwearmadeeasy.com/collections/goldenhill-primary,,
Golfhill Primary,https://schoolwearmadeeasy.com/collections/golfhill-primary,,
Golspie Primary,https://schoolwearmadeeasy.com/collections/golspie-primary,,
Gordon Primary,https://schoolwearmadeeasy.com/collections/gordon-primary,,
Gorebridge Primary,https://schoolwearmadeeasy.com/collections/gorebridge-primary,,
Gourdon Primary,https://schoolwearmadeeasy.com/collections/gourdon-primary,,
Govan Gaelic Primary,https://schoolwearmadeeasy.com/collections/govan-gaelic-primary,,
Greengairs Primary,https://schoolwearmadeeasy.com/collections/greengairs-primary,,
Greenhills Primary East Kilbride,https://schoolwearmadeeasy.com/collections/greenhills-primary-east-kilbride,,
Halkirk Primary,https://schoolwearmadeeasy.com/collections/halkirk-primary,,
Hampden School,https://schoolwearmadeeasy.com/collections/hampden-school,,
Harting Primary,https://schoolwearmadeeasy.com/collections/harting-primary,,
Haysholm School,https://schoolwearmadeeasy.com/collections/haysholm-school,,
Hazelwood School,https://schoolwearmadeeasy.com/collections/hazelwood-school,,
Heathery Knowe Primary,https://schoolwearmadeeasy.com/collections/heathery-knowe-primary,,
Helmsdale Primary,https://schoolwearmadeeasy.com/collections/helmsdale-primary,,
Heriot Primary,https://schoolwearmadeeasy.com/collections/heriot-primary,,
Hermitage Primary,https://schoolwearmadeeasy.com/collections/hermitage-primary,,
Highampton Primary,https://schoolwearmadeeasy.com/collections/highampton-primary,,
Hillview Primary,https://schoolwearmadeeasy.com/collections/hillview-primary,,
Hilton of Cadboll,https://schoolwearmadeeasy.com/collections/hilton-of-cadboll,,
Hilton Primary,https://schoolwearmadeeasy.com/collections/hilton-primary,,
Hollywater School,https://schoolwearmadeeasy.com/collections/hollywater-school,,
Holm Primary,https://schoolwearmadeeasy.com/collections/holm-primary,,
Houston Primary,https://schoolwearmadeeasy.com/collections/houston-primary,,
Howford Primary,https://schoolwearmadeeasy.com/collections/howford-school,,
Howwood Primary,https://schoolwearmadeeasy.com/collections/howwood-primary,,
Inchinnan Primary,https://schoolwearmadeeasy.com/collections/inchinnan-primary,,
Inshes Primary,https://schoolwearmadeeasy.com/collections/inshes-primary,,
Invergarry Primary,https://schoolwearmadeeasy.com/collections/invergarry-primary,,
Inverlochy Primary,https://schoolwearmadeeasy.com/collections/inverlochy-primary,,
James McFarlane,https://schoolwearmadeeasy.com/collections/james-mcfarlane-school,,
James Reid School,https://schoolwearmadeeasy.com/collections/james-reid-school,,
Johnshaven Primary,https://schoolwearmadeeasy.com/collections/johnshaven-primary,,
Juniper Green Primary,https://schoolwearmadeeasy.com/collections/juniper-green-primary,,
Keiss Primary,https://schoolwearmadeeasy.com/collections/keiss-primary,,
Kellands Primary,https://schoolwearmadeeasy.com/collections/kellands-primary,,
Kemnay Primary,https://schoolwearmadeeasy.com/collections/kemnay-primary,,
Kilchuimen Primary,https://schoolwearmadeeasy.com/collections/kilchuimen-primary,,
Killermont Primary,https://schoolwearmadeeasy.com/collections/killermont-primary,,
Kilmacolm Primary ,https://schoolwearmadeeasy.com/collections/kilmacolm-primary,,
Kilmory Primary,https://schoolwearmadeeasy.com/collections/kilmory-primary,,
Kilmuir Primary,https://schoolwearmadeeasy.com/collections/kilmuir-primary,,
Kingcase Primary,https://schoolwearmadeeasy.com/collections/kingcase-primary,,
Kings Park Primary,https://schoolwearmadeeasy.com/collections/kings-park-primary,,
Kingussie Primary,https://schoolwearmadeeasy.com/collections/kingussie-primary,,
Kinlochbervie Primary,https://schoolwearmadeeasy.com/collections/kinlochbervie-primary,,
Kinlochleven Primary,https://schoolwearmadeeasy.com/collections/kinlochleven-primary,,
Kinmylies Primary,https://schoolwearmadeeasy.com/collections/kinmylies-primary,,
Kinross Primary ,https://schoolwearmadeeasy.com/collections/kinross-primary,,
Kintore Primary,https://schoolwearmadeeasy.com/collections/kintore-primary,,
Kirkhill Primary,https://schoolwearmadeeasy.com/collections/kirkhill-primary,,
Kirklandneuk Primary,https://schoolwearmadeeasy.com/collections/kirklandneuk-primary,,
Kittybrewster Primary,https://schoolwearmadeeasy.com/collections/kittybrewster-primary,,
Knightswood Primary,https://schoolwearmadeeasy.com/collections/knightswood-primary,,
Knockbreck Primary,https://schoolwearmadeeasy.com/collections/knockbreck-primary,,
Knoxland Primary,https://schoolwearmadeeasy.com/collections/knoxland-primary,,
Kyleakin Primary,https://schoolwearmadeeasy.com/collections/kyleakin-primary,,
Langbank Primary,https://schoolwearmadeeasy.com/collections/langbank-primary,,
Langcraigs Primary,https://schoolwearmadeeasy.com/collections/langcraigs-primary,,
Laurencekirk Primary,https://schoolwearmadeeasy.com/collections/laurencekirk-primary,,
Lawhead Primary,https://schoolwearmadeeasy.com/collections/lawhead-primary,,
Lawmuir Primary,https://schoolwearmadeeasy.com/collections/lawmuir-primary-1,,
Lenzie Meadow Primary,https://schoolwearmadeeasy.com/collections/lenzie-meadow-primary,,
Liff Primary,https://schoolwearmadeeasy.com/collections/liff-primary,,
Loch Duich Primary,https://schoolwearmadeeasy.com/collections/loch-duich-primary,,
Loch Primary,https://schoolwearmadeeasy.com/collections/loch-primary,,
Lochardil Primary,https://schoolwearmadeeasy.com/collections/lochardil-primary,,
Lochfield Primary,https://schoolwearmadeeasy.com/collections/lochfield-primary,,
Lochnell Primary,https://schoolwearmadeeasy.com/collections/lochnell-primary,,
Lochside Primary,https://schoolwearmadeeasy.com/collections/lochside-primary,,
Lochwinnoch Primary,https://schoolwearmadeeasy.com/collections/lochwinnoch-primary,,
Loudoun Montgomery Primary,https://schoolwearmadeeasy.com/collections/loudon-montgomery-primary,,
Lundavra Primary,https://schoolwearmadeeasy.com/collections/lundavra-primary,,
Lybster Primary,https://schoolwearmadeeasy.com/collections/lybster-primary,,
Macdiarmid Primary,https://schoolwearmadeeasy.com/collections/macdiarmid-primary,,
Machanhill Primary,https://schoolwearmadeeasy.com/collections/machanhill-primary,,
Maidenhill Primary,https://schoolwearmadeeasy.com/collections/maidenhill-primary,,
Maidens Primary,https://schoolwearmadeeasy.com/collections/maidens-primary,,
Mary Russell School,https://schoolwearmadeeasy.com/collections/mary-russell-school,,
Marybank Primary,https://schoolwearmadeeasy.com/collections/marybank-primary,,
Mclean Primary,https://schoolwearmadeeasy.com/collections/mclean-primary,,
Meadowburn Primary,https://schoolwearmadeeasy.com/collections/meadowburn-primary,,
Meadowburn Gaelic Primary,https://schoolwearmadeeasy.com/collections/meadowburn-primary-gaelic,,
Mearns Primary,https://schoolwearmadeeasy.com/collections/mearns-primary,,
Meiklemill Primary,https://schoolwearmadeeasy.com/collections/meiklemill-primary,,
Meldrum Primary,https://schoolwearmadeeasy.com/collections/meldrum-primary,,
Melvich Primary,https://schoolwearmadeeasy.com/collections/melvich-primary,,
Merkinch Primary,https://schoolwearmadeeasy.com/collections/merkinch-primary,,
Mill O'Forest Primary,https://schoolwearmadeeasy.com/collections/mill-o-forest-primary,,
Millbank Primary,https://schoolwearmadeeasy.com/collections/millbank-primary,,
Miller Academy,https://schoolwearmadeeasy.com/collections/miller-academy,,
Millersneuk Primary,https://schoolwearmadeeasy.com/collections/millersneuk-primary,,
Milltimber Primary,https://schoolwearmadeeasy.com/collections/milltimber-primary-1,,
Milnathort Primary,https://schoolwearmadeeasy.com/collections/milnathort-primary,,
Milton of Leys Primary,https://schoolwearmadeeasy.com/collections/milton-of-leys,,
Milton Primary,https://schoolwearmadeeasy.com/collections/milton-primary,,
Miltonbank Primary,https://schoolwearmadeeasy.com/collections/miltonbank-primary,,
Monymusk Primary,https://schoolwearmadeeasy.com/collections/monymusk-primary,,
Moorpark Primary,https://schoolwearmadeeasy.com/collections/moorpark-primary,,
Mosshead Primary,https://schoolwearmadeeasy.com/collections/mosshead-primary,,
Mossneuk Primary,https://schoolwearmadeeasy.com/collections/mossneuk-primary,,
Mosspark Primary,https://schoolwearmadeeasy.com/collections/mosspark-primary,,
Mossvale Primary,https://schoolwearmadeeasy.com/collections/mossvale-primary,,
Mount Cameron Primary,https://schoolwearmadeeasy.com/collections/mount-cameron-primary,,
Mount Pleasant Primary,https://schoolwearmadeeasy.com/collections/mount-pleasant-primary,,
Mount Vernon Primary,https://schoolwearmadeeasy.com/collections/mount-vernon-primary,,
Muirhead Primary,https://schoolwearmadeeasy.com/collections/muirhead-primary,,
Muirtown Primary,https://schoolwearmadeeasy.com/collections/muirtown-primary,,
Mulbuie Primary,https://schoolwearmadeeasy.com/collections/mulbuie-primary,,
Munlochy Primary,https://schoolwearmadeeasy.com/collections/munlochy-primary,,
Murrayburn Primary,https://schoolwearmadeeasy.com/collections/murrayburn-primary,,
Murroes Primary,https://schoolwearmadeeasy.com/collections/murroes-primary,,
Muthill Primary,https://schoolwearmadeeasy.com/collections/muthill-primary,,
Neilston Primary,https://schoolwearmadeeasy.com/collections/neilston-primary,,
Ness Castle Primary,https://schoolwearmadeeasy.com/collections/ness-castle-primary,,
Netherlee Primary,https://schoolwearmadeeasy.com/collections/netherlee-primary,,
Newfield Primary,https://schoolwearmadeeasy.com/collections/newfield-primary,,
Newmains Primary,https://schoolwearmadeeasy.com/collections/newmains-primary,,
Newmore Primary,https://schoolwearmadeeasy.com/collections/newmore-primary,,
Newtonhill Primary,https://schoolwearmadeeasy.com/collections/newtonhill-primary,,
Newtonmore Primary,https://schoolwearmadeeasy.com/collections/newtonmore-primary,,
Newton Park Primary,https://schoolwearmadeeasy.com/collections/newton-park-primary,,
North Kessock Primary,https://schoolwearmadeeasy.com/collections/north-kessock-primary,,
North West Sutherland Schools,https://schoolwearmadeeasy.com/collections/north-west-sutherland-schools,,
Noss Primary,https://schoolwearmadeeasy.com/collections/noss-primary,,
Obsdale Primary,https://schoolwearmadeeasy.com/collections/obsdale-primary,,
Our Lady of the Peace Primary,https://schoolwearmadeeasy.com/collections/our-lady-of-the-peace-primary,,
Our Lady Peace Barlanark,https://schoolwearmadeeasy.com/collections/our-lady-of-peace-barlanark,,
Parklands Primary,https://schoolwearmadeeasy.com/collections/parklands-primary,,
Park Primary Invergordon,https://schoolwearmadeeasy.com/collections/park-primary-invergordon,,
Peel Primary,https://schoolwearmadeeasy.com/collections/peel-primary-leavers,,
Pennyburn Primary,https://schoolwearmadeeasy.com/collections/pennyburn-primary,,
Pennyland Primary,https://schoolwearmadeeasy.com/collections/pennyland-primary,,
Pirie Park Primary,https://schoolwearmadeeasy.com/collections/pirie-park-primary,,
Pirnmill Primary,https://schoolwearmadeeasy.com/collections/pirnmill-primary,,
Pitcoudie Primary,https://schoolwearmadeeasy.com/collections/pitcoudie-primary,,
Pitmedden Primary,https://schoolwearmadeeasy.com/collections/pitmedden-primary,,
Pittenweem Primary,https://schoolwearmadeeasy.com/collections/pittenweem-primary,,
Pitteuchar West Primary,https://schoolwearmadeeasy.com/collections/pitteuchar-west-primary,,
Poolewe Primary,https://schoolwearmadeeasy.com/collections/poolewe-primary,,
Portessie Primary,https://schoolwearmadeeasy.com/collections/portessie-primary,,
Portlethen Primary,https://schoolwearmadeeasy.com/collections/portlethen-primary,,
Quarryhill Primary,https://schoolwearmadeeasy.com/collections/quarryhill-primary,,
Raigmore Primary,https://schoolwearmadeeasy.com/collections/raigmore-primary,,
Ralston Primary,https://schoolwearmadeeasy.com/collections/ralston-primary,,
Rashielea Primary,https://schoolwearmadeeasy.com/collections/rashielea-primary,,
Renton Primary,https://schoolwearmadeeasy.com/collections/renton-primary,,
Resolis Primary,https://schoolwearmadeeasy.com/collections/resolis-primary,,
Rhu Primary,https://schoolwearmadeeasy.com/collections/rhu-primary,,
Riverbank Primary,https://schoolwearmadeeasy.com/collections/riverbank-primary,,
Riverbrae Primary,https://schoolwearmadeeasy.com/collections/riverbrae-primary,,
Riverside Primary,https://schoolwearmadeeasy.com/collections/riverside-primary-livingston,,
Riverside Primary Stirling,https://schoolwearmadeeasy.com/collections/riverside-primary-stirling,,
Rosebank Primary,https://schoolwearmadeeasy.com/collections/rosebank-primary,,
Rosemount Primary,https://schoolwearmadeeasy.com/collections/rosemount-primary,,
Rothienorman Primary,https://schoolwearmadeeasy.com/collections/rothienorman-primary,,
Scotstown Primary,https://schoolwearmadeeasy.com/collections/scotstown-primary,,
Scourie Primary,https://schoolwearmadeeasy.com/collections/scourie-primary,,
Sgoil Lionacleit,https://schoolwearmadeeasy.com/collections/sgoil-lionacleit,,
Shawlands Primary,https://schoolwearmadeeasy.com/collections/shawlands-primary,,
Shiskine Primary,https://schoolwearmadeeasy.com/collections/shiskine-primary,,
Sir E Scott Junior School,https://schoolwearmadeeasy.com/collections/sir-e-school-junior-school,,
Skene Primary,https://schoolwearmadeeasy.com/collections/skene-primary,,
Sleat Primary,https://schoolwearmadeeasy.com/collections/sleat-primary,,
Smithton Primary,https://schoolwearmadeeasy.com/collections/smithton-primary,,
South Lodge Primary,https://schoolwearmadeeasy.com/collections/south-lodge-primary,,
Southesk Primary,https://schoolwearmadeeasy.com/collections/southesk-primary,,
Spean Bridge Primary,https://schoolwearmadeeasy.com/collections/spean-bridge-primary,,
Spittal Primary,https://schoolwearmadeeasy.com/collections/spittal-primary,,
Springfield Primary,https://schoolwearmadeeasy.com/collections/springfield-primary,,
Springside Primary,https://schoolwearmadeeasy.com/collections/springside-primary,,
Staffin Primary,https://schoolwearmadeeasy.com/collections/staffin-primary,,
Stanecastle Primary,https://schoolwearmadeeasy.com/collections/stanecastle-primary,,
Stanley Primary,https://schoolwearmadeeasy.com/collections/stanley-primary,,
Steep Primary,https://schoolwearmadeeasy.com/collections/steep-primary,,
Stepps Primary,https://schoolwearmadeeasy.com/collections/stepps-primary,,
Stonehouse Primary,https://schoolwearmadeeasy.com/collections/stonehouse-primary,,
Strathburn Primary,https://schoolwearmadeeasy.com/collections/strathburn-primary,,
Strathdon Primary,https://schoolwearmadeeasy.com/collections/strathdon-primary,,
Stratherrick Primary,https://schoolwearmadeeasy.com/collections/stratherrick-primary,,
Strathgarve Primary,https://schoolwearmadeeasy.com/collections/strathgarve-primary,,
Strathpeffer Primary,https://schoolwearmadeeasy.com/collections/strathpeffer-primary,,
Strontian Primary,https://schoolwearmadeeasy.com/collections/strontian-primary,,
Struan Primary,https://schoolwearmadeeasy.com/collections/struan-primary,,
Struthers Primary,https://schoolwearmadeeasy.com/collections/struthers-primary,,
Sunhill Junior School,https://schoolwearmadeeasy.com/collections/sunhill-junior-school,,
Symington Primary,https://schoolwearmadeeasy.com/collections/symington-primary,,
Tarbat Old Primary,https://schoolwearmadeeasy.com/collections/tarbat-old-primary,,
Tarradale Primary,https://schoolwearmadeeasy.com/collections/tarradale-primary,,
Tarves Primary,https://schoolwearmadeeasy.com/collections/tarves-primary,,
Taynuilt Primary,https://schoolwearmadeeasy.com/collections/taynuilt-primary,,
Teannassie Primary,https://schoolwearmadeeasy.com/collections/teannassie-primary,,
Thorn Primary,https://schoolwearmadeeasy.com/collections/thorn-primary,,
Thornliebank Primary,https://schoolwearmadeeasy.com/collections/thornliebank-primary,,
Thornliebank Gaelic Primary,https://schoolwearmadeeasy.com/collections/thornliebank-gaelic-primary,,
Thornwood Primary,https://schoolwearmadeeasy.com/collections/thornwood-primary,,
Thrumster Primary,https://schoolwearmadeeasy.com/collections/thrumster-primary,,
Tighnabruaich Primary,https://schoolwearmadeeasy.com/collections/tighnabruaich-primary,,
Todholm Primary,https://schoolwearmadeeasy.com/collections/todholm-primary,,
Tomnacross Primary,https://schoolwearmadeeasy.com/collections/tomnacross-primary,,
Tore Primary,https://schoolwearmadeeasy.com/collections/tore-primary,,
Toryglen Primary,https://schoolwearmadeeasy.com/collections/toryglen-primary,,
Townhill Primary,https://schoolwearmadeeasy.com/collections/townhill-primary,,
Towie Primary,https://schoolwearmadeeasy.com/collections/towie-primary,,
Uplawmoor Primary,https://schoolwearmadeeasy.com/collections/uplawmoor-primary,,
Uryside Primary,https://schoolwearmadeeasy.com/collections/uryside-primary,,
Wallace Primary,https://schoolwearmadeeasy.com/collections/wallace-primary,,
Watten Primary,https://schoolwearmadeeasy.com/collections/watten-primary,,
Wellshot Primary,https://schoolwearmadeeasy.com/collections/wellshot-primary,,
West Coats Primary,https://schoolwearmadeeasy.com/collections/west-coats-primary,,
West Mains School,https://schoolwearmadeeasy.com/collections/west-mains-primary,,
West Primary,https://schoolwearmadeeasy.com/collections/west-primary,,
Westhill Primary,https://schoolwearmadeeasy.com/collections/westhill-primary,,
Whitdale Primary,https://schoolwearmadeeasy.com/collections/whitdale-primary,,
Whitehirst Park Primary,https://schoolwearmadeeasy.com/collections/whitehirst-park-primary,,
Williamsburgh Primary,https://schoolwearmadeeasy.com/collections/williamsburgh-primary,,
Winchburgh Primary,https://schoolwearmadeeasy.com/collections/winchburgh-primary,,
Winton Primary,https://schoolwearmadeeasy.com/collections/winton-primary,,
Woodbank Primary,https://schoolwearmadeeasy.com/collections/woodbank-primary,,
Woodlands Primary,https://schoolwearmadeeasy.com/collections/woodlands-primary,,
Woodlands Primary Irvine,https://schoolwearmadeeasy.com/collections/woodlands-primary-irvine,,
Woodmuir Primary    ,https://schoolwearmadeeasy.com/collections/woodmuir-primary,,
St Andrews Primary Bute,https://schoolwearmadeeasy.com/collections/st-andrews-primary-bute,,
St Andrews Primary Inverurie,https://schoolwearmadeeasy.com/collections/st-andrews-primary-inverurie,,
St Angelas Primary,https://schoolwearmadeeasy.com/collections/st-angelas-primary,,
St Annes Primary,https://schoolwearmadeeasy.com/collections/st-annes-primary,,
St Anthonys Primary,https://schoolwearmadeeasy.com/collections/st-anthonys-primary,,
St Anthonys Primary Saltcoats,https://schoolwearmadeeasy.com/collections/st-anthonys-primary-saltcoats,,
St Blanes Primary,https://schoolwearmadeeasy.com/collections/st-blanes-primary,,
St Catherines Primary,https://schoolwearmadeeasy.com/collections/st-catherines-primary,,
St Charles Primary,https://schoolwearmadeeasy.com/collections/st-charles-primary,,
St Clements Primary,https://schoolwearmadeeasy.com/collections/st-clements-primary,,
St Constantine's Primary,https://schoolwearmadeeasy.com/collections/st-constantines-primary,,
St Davids Primary,https://schoolwearmadeeasy.com/collections/st-davids-primary,,
St Eunans Primary Clydebank,https://schoolwearmadeeasy.com/collections/st-eunans-primary-clydebank,,
St Fergus Primary,https://schoolwearmadeeasy.com/collections/st-fergus-primary,,
St Fillans Primary,https://schoolwearmadeeasy.com/collections/st-fillans-primary,,
St James Primary Paisley,https://schoolwearmadeeasy.com/collections/st-james-primary-paisley,,
St James Primary Renfrew,https://schoolwearmadeeasy.com/collections/st-james-primary-renfrew,,
St Joachims Primary,https://schoolwearmadeeasy.com/collections/st-joachims-primary,,
St John Bosco Primary,https://schoolwearmadeeasy.com/collections/st-john-bosco-primary,,
St John Ogilvie Primary Livingston,https://schoolwearmadeeasy.com/collections/st-john-ogilvie-primary-livingston,,
St John Ogilvie Primary,https://schoolwearmadeeasy.com/collections/st-john-ogilvie-primary,,
St Johns Primary,https://schoolwearmadeeasy.com/collections/st-johns-primary,,
St Johns Primary Stevenston,https://schoolwearmadeeasy.com/collections/st-johns-primary-stevenston,,
St Josephs Primary,https://schoolwearmadeeasy.com/collections/st-josephs-primary,,
St Josephs Primary Inverness,https://schoolwearmadeeasy.com/collections/st-josephs-primary-inverness,,
St Margarets Primary,https://schoolwearmadeeasy.com/collections/st-margarets-primary,,
St Marks Primary,https://schoolwearmadeeasy.com/collections/st-marks-primary,,
St Martins Primary Renton,https://schoolwearmadeeasy.com/collections/st-martins-primary-renton,,
St Marys Primary Alexandria,https://schoolwearmadeeasy.com/collections/st-marys-primary-alexandria,,
St Marys Primary Bonnyrigg,https://schoolwearmadeeasy.com/collections/st-marys-primary-bonnyrigg,,
St Marys Primary Dover,https://schoolwearmadeeasy.com/collections/st-marys-primary-dover,,
St Marys Primary Duntocher,https://schoolwearmadeeasy.com/collections/st-marys-primary-duntocher,,
St Marys Primary Paisley,https://schoolwearmadeeasy.com/collections/st-marys-primary-paisley,,
St Michaels Primary Parkhead,https://schoolwearmadeeasy.com/collections/st-michaels-parkhead,,
St Ninians Primary,https://schoolwearmadeeasy.com/collections/st-ninians-primary,,
St Patricks Primary,https://schoolwearmadeeasy.com/collections/st-patricks-primary,,
St Patricks Primary Dumbarton,https://schoolwearmadeeasy.com/collections/st-patricks-dumbarton,,
St Pauls Primary,https://schoolwearmadeeasy.com/collections/st-pauls-primary,,
St Peters Primary,https://schoolwearmadeeasy.com/collections/st-peters-primary,,
St Peters Primary Aberdeen,https://schoolwearmadeeasy.com/collections/st-peters-primary-aberdeen,,
St Peters Primary Ardrossan,https://schoolwearmadeeasy.com/collections/st-peters-primary-ardrossan,,
St Ronans Primary,https://schoolwearmadeeasy.com/collections/st-ronans-primary,,
St Thomas Primary,https://schoolwearmadeeasy.com/collections/st-thomas-primary,,
St Vincents Primary,https://schoolwearmadeeasy.com/collections/st-vincents-primary,,
St Winnings Primary,https://schoolwearmadeeasy.com/collections/st-winnings-primary,,
St Xaviers Primary,https://schoolwearmadeeasy.com/collections/st-xaviers-primary,,
Abbey Nursery,https://schoolwearmadeeasy.com/collections/abbey-nursery,,
Aberchirder Nursery,https://schoolwearmadeeasy.com/collections/aberchirder-nursery,,
Abronhill Nursery,https://schoolwearmadeeasy.com/collections/abronhill-nursery,,
Alexander Peden Nursery,https://schoolwearmadeeasy.com/collections/alexander-peden-nursery,,
Annick Early Years,https://schoolwearmadeeasy.com/collections/annick-early-years,,
Ardeer Early Years,https://schoolwearmadeeasy.com/collections/ardeer-early-years,,
Ardross Nursery,https://schoolwearmadeeasy.com/collections/ardross-nursery,,
Arduthie Nursery,https://schoolwearmadeeasy.com/collections/arduthie-nursery,,
Arthurlie Family Centre,https://schoolwearmadeeasy.com/collections/arthurlie-family-centre,,
Auldearn Nursery,https://schoolwearmadeeasy.com/collections/auldearn-nursery,,
Avondale ELC,https://schoolwearmadeeasy.com/collections/avondale-elc,,
Ballater Nursery,https://schoolwearmadeeasy.com/collections/ballater-nursery,,
Balloch ELCC,https://schoolwearmadeeasy.com/collections/balloch-elcc,,
Banchory Nursery,https://schoolwearmadeeasy.com/collections/banchory-nursery,,
Bearsden EYC,https://schoolwearmadeeasy.com/collections/bearsden-eyc,,
Beauly Nursery,https://schoolwearmadeeasy.com/collections/beauly-nursery,,
Beith Early Years,https://schoolwearmadeeasy.com/collections/beith-early-years,,
Bervie Nursery,https://schoolwearmadeeasy.com/collections/bervie-nursery,,
Blacklands Early Years Class,https://schoolwearmadeeasy.com/collections/blacklands-early-years-class,,
Borrowfield Nursery,https://schoolwearmadeeasy.com/collections/borrowfield-nursery,,
Bridge of Weir ELCC,https://schoolwearmadeeasy.com/collections/bridge-of-weir-elcc,,
Brodick Early Years,https://schoolwearmadeeasy.com/collections/brodick-early-years,,
Brucehill ELCC,https://schoolwearmadeeasy.com/collections/brucehill-elcc,,
Bushes Nursery,https://schoolwearmadeeasy.com/collections/bushes-nursery,,
Cairns Nursery,https://schoolwearmadeeasy.com/collections/cairns-nursery,,
Calderside Nursery Centre Blantyre,https://schoolwearmadeeasy.com/collections/calderside-nursery-centre-blantyre,,
Calderwood Lodge Nursery,https://schoolwearmadeeasy.com/collections/calderwood-lodge-nursery,,
Canisbay Nursery,https://schoolwearmadeeasy.com/collections/canisbay-nursery,,
Carlibar Nursery,https://schoolwearmadeeasy.com/collections/carlibar-nursery,,
Carolside Nursery,https://schoolwearmadeeasy.com/collections/carolside-nursery,,
Cathkin Community Nursery,https://schoolwearmadeeasy.com/collections/cathkin-community-nursery,,
Cawdor Nursery,https://schoolwearmadeeasy.com/collections/cawdor-nursery,,
Centre Pre-School,https://schoolwearmadeeasy.com/collections/centre-pre-school,,
Clarkston Nursery,https://schoolwearmadeeasy.com/collections/clarkston-nursery,,
Corrie Nursery,https://schoolwearmadeeasy.com/collections/corrie-nursery,,
Coulhill Nursery,https://schoolwearmadeeasy.com/collections/coulhill-nursery,,
Crombie Nursery,https://schoolwearmadeeasy.com/collections/crombie-nursery,,
Crookfur Family Centre,https://schoolwearmadeeasy.com/collections/crookfur-nursery,,
Cross Arthurlie Nursery,https://schoolwearmadeeasy.com/collections/cross-arthurlie-nursery,,
Crossroads Nursery,https://schoolwearmadeeasy.com/collections/crossroads-nursery,,
Dalmuir ELCC,https://schoolwearmadeeasy.com/collections/dalmuir-elcc,,
Dalrymple Nursery,https://schoolwearmadeeasy.com/collections/dalrymple-nursery,,
Dargavel ELCC,https://schoolwearmadeeasy.com/collections/dargavel-elcc,,
Dechmont Infant School,https://schoolwearmadeeasy.com/collections/dechmont-infant-school,,
Dechmont Nursery Class,https://schoolwearmadeeasy.com/collections/dechmont-nursery-class,,
Dennistoun Early Years,https://schoolwearmadeeasy.com/collections/dennistoun-early-years,,
Dingwall Primary ELC,https://schoolwearmadeeasy.com/collections/dingwall-nursery,,
Dreghorn Nursery,https://schoolwearmadeeasy.com/collections/dreghorn-nursery,,
Dunbeg Nursery,https://schoolwearmadeeasy.com/collections/dunbeg-nursery,,
Duncan Forbes Nursery,https://schoolwearmadeeasy.com/collections/duncan-forbes-nursery,,
Dundonald Early Years Centre,https://schoolwearmadeeasy.com/collections/dundonald-early-years-centre,,
Dunnottar Nursery,https://schoolwearmadeeasy.com/collections/dunnottar-nursery,,
East Fulton Nursery,https://schoolwearmadeeasy.com/collections/east-fulton-nursery,,
Elderbank Nursery,https://schoolwearmadeeasy.com/collections/elderbank-nursery,,
Ferryden Nursery,https://schoolwearmadeeasy.com/collections/ferryden-nursery,,
Friockheim Nursery,https://schoolwearmadeeasy.com/collections/friockheim-nursery,,
Gallowhill Nursery,https://schoolwearmadeeasy.com/collections/gallowhill-nursery,,
Garnock Nursery,https://schoolwearmadeeasy.com/collections/garnock-nursery,,
Gateside Early Years,https://schoolwearmadeeasy.com/collections/gateside-early-years,,
Gavinburn Early Education,https://schoolwearmadeeasy.com/collections/gavinburn-early-education,,
Giffnock Nursery,https://schoolwearmadeeasy.com/collections/giffnock-nursery,,
Girvan Early Years,https://schoolwearmadeeasy.com/collections/girvan-early-years,,
Glencairn Early Years,https://schoolwearmadeeasy.com/collections/glencairn-early-years,,
Glencairn Nursery,https://schoolwearmadeeasy.com/collections/glencairn-nursery,,
Glendee Early Learning,https://schoolwearmadeeasy.com/collections/glendee-early-learning-childcare-centre,,
Glenfield ELCC ,https://schoolwearmadeeasy.com/collections/glenfield-elcc,,
Glengarnock Nursery,https://schoolwearmadeeasy.com/collections/glengarnock-nursery,,
Gordon Nursery,https://schoolwearmadeeasy.com/collections/gordon-nursery,,
Gorebridge Nursery,https://schoolwearmadeeasy.com/collections/gorebridge-nursery,,
Green Trees Nursery,https://schoolwearmadeeasy.com/collections/green-trees-nursery,,
Greengairs Nursery,https://schoolwearmadeeasy.com/collections/greengairs-nursery,,
Happitots Nursery Glasgow Airport,https://schoolwearmadeeasy.com/collections/happitots-nursery-glasgow-airport,,
Hazeldene Family Centre,https://schoolwearmadeeasy.com/collections/hazeldene-family-centre,,
Healthy Steps Childcare,https://schoolwearmadeeasy.com/collections/healthy-steps-childcare,,
Hillview Nursery,https://schoolwearmadeeasy.com/collections/hillview-nursery,,
Houston Nursery,https://schoolwearmadeeasy.com/collections/houston-nursery,,
Inverbervie Pre School,https://schoolwearmadeeasy.com/collections/inverbervie-pre-school,,
Ivy In The Park Nursery,https://schoolwearmadeeasy.com/collections/ivy-in-the-park-nursery,,
Ivy Kindergarten,https://schoolwearmadeeasy.com/collections/ivy-kindergarten-nursery,,
Kellands Nursery,https://schoolwearmadeeasy.com/collections/kellands-nursery,,
Kemnay Nursery,https://schoolwearmadeeasy.com/collections/kemnay-nursery,,
Kilchuimen Nursery,https://schoolwearmadeeasy.com/collections/kilchuimen-nursery,,
Kilmacolm Nursery,https://schoolwearmadeeasy.com/collections/kilmacolm-nursery,,
Kilmory Nursery,https://schoolwearmadeeasy.com/collections/kilmory-nursery,,
Kingussie ELC,https://schoolwearmadeeasy.com/collections/kingussie-elc,,
Kinross Nursery,https://schoolwearmadeeasy.com/collections/kinross-nursery,,
Kintore Nursery,https://schoolwearmadeeasy.com/collections/kintore-nursery,,
Kirklandneuk ELCC,https://schoolwearmadeeasy.com/collections/kirklandneuk-elcc,,
Kirkstyle ELC Carluke,https://schoolwearmadeeasy.com/collections/kirkstyle-elc-carluke,,
Kittybrewster Nursery,https://schoolwearmadeeasy.com/collections/kittybrewster-nursery,,
Kool Kidz Nursery,https://schoolwearmadeeasy.com/collections/kool-kidz-nursery,,
Lochfield ELCC,https://schoolwearmadeeasy.com/collections/lochfield-elcc,,
Lochnell Nursery,https://schoolwearmadeeasy.com/collections/lochnell-nursery,,
Loudoun Montgomery Early Years,https://schoolwearmadeeasy.com/collections/loudon-montgomery-early-years,,
Lundavra Nursery,https://schoolwearmadeeasy.com/collections/lundavra-nursery,,
Machanhill Nursery,https://schoolwearmadeeasy.com/collections/machanhill-nursery,,
Madras Family Centre,https://schoolwearmadeeasy.com/collections/madras-family-centre,,
Marina View Nursery,https://schoolwearmadeeasy.com/collections/marina-view-nursery,,
Maxholme Nursery,https://schoolwearmadeeasy.com/collections/maxholme-nursery,,
Mearns Nursery,https://schoolwearmadeeasy.com/collections/mearns-nursery,,
Meiklemill Nursery,https://schoolwearmadeeasy.com/collections/meiklemill-nursery,,
Monkey Moos,https://schoolwearmadeeasy.com/collections/monkey-moos,,
Moorpark Early Years,https://schoolwearmadeeasy.com/collections/moorpark-early-years,,
Mosspark Nursery,https://schoolwearmadeeasy.com/collections/mosspark-nursery,,
Mossvale Nursery,https://schoolwearmadeeasy.com/collections/mossvale-nursery,,
Muirhead Nursery,https://schoolwearmadeeasy.com/collections/muirhead-nursery,,
Muirtown Nursery,https://schoolwearmadeeasy.com/collections/muirtown-nursery,,
My Second Home Nursery,https://schoolwearmadeeasy.com/collections/my-second-home-nursery,,
Our Lady of the Peace Nursery,https://schoolwearmadeeasy.com/collections/our-lady-of-the-peace-nursery,,
Pennyland ELC,https://schoolwearmadeeasy.com/collections/pennyland-elc,,
Peterculter Playgroup,https://schoolwearmadeeasy.com/collections/peterculter-playgroup,,
Pirnmill Nursery,https://schoolwearmadeeasy.com/collections/pirnmill-nursery,,
Pitmedden Nursery,https://schoolwearmadeeasy.com/collections/pitmedden-nursery,,
Primrose City Nursery,https://schoolwearmadeeasy.com/collections/primrose-city-nursery,,
Primrose Day Nursery,https://schoolwearmadeeasy.com/collections/primrose-day-nursery,,
Playden Nursery,https://schoolwearmadeeasy.com/collections/playden-nursery,,
Quarryhill Nursery,https://schoolwearmadeeasy.com/collections/quarryhill-nursery,,
Ralston Nursery,https://schoolwearmadeeasy.com/collections/ralston-nursery,,
Renton Nursery,https://schoolwearmadeeasy.com/collections/renton-nursery,,
Riverbrae Nursery,https://schoolwearmadeeasy.com/collections/riverbrae-nursery,,
Riverside Nursery,https://schoolwearmadeeasy.com/collections/riverside-nursery,,
Riverside Nursery Stirling,https://schoolwearmadeeasy.com/collections/riverside-nursery-stirling,,
Rosemount Nursery,https://schoolwearmadeeasy.com/collections/rosemount-nursery,,
Rothienorman Nursery,https://schoolwearmadeeasy.com/collections/rothienorman-nursery,,
Scotstown Nursery,https://schoolwearmadeeasy.com/collections/scotstown-nursery,,
Shiskine Primary EYC,https://schoolwearmadeeasy.com/collections/shiskine-primary-eyc,,
South Lodge Nursery,https://schoolwearmadeeasy.com/collections/south-lodge-nursery,,
Southesk Nursery,https://schoolwearmadeeasy.com/collections/southesk-nursery,,
Spittal Nursery,https://schoolwearmadeeasy.com/collections/spittal-nursery,,
Springside Nursery,https://schoolwearmadeeasy.com/collections/springside-nursery,,
St Catherines Nursery,https://schoolwearmadeeasy.com/collections/st-catherines-nursery,,
St Charles Nursery,https://schoolwearmadeeasy.com/collections/st-charles-nursery,,
St Constantines Nursery,https://schoolwearmadeeasy.com/collections/st-constantines-nursery,,
St John Bosco Nursery Erskine,https://schoolwearmadeeasy.com/collections/st-john-bosco-nursery-erskine,,
St Johns Early Years Stevenston,https://schoolwearmadeeasy.com/collections/st-johns-early-years-stevenston,,
St Marys ELCC,https://schoolwearmadeeasy.com/collections/st-marys-elcc,,
St Marys Nursery,https://schoolwearmadeeasy.com/collections/st-marys-nursery,,
St Peters Nursery,https://schoolwearmadeeasy.com/collections/st-peters-nursery,,
St Peters EYC Ardrossan,https://schoolwearmadeeasy.com/collections/st-peters-eyc-ardrossan,,
Stanecastle Early Years,https://schoolwearmadeeasy.com/collections/stanecastle-early-years,,
Stanley EYC,https://schoolwearmadeeasy.com/collections/stanley-eyc,,
Stepps Nursery,https://schoolwearmadeeasy.com/collections/stepps-nursery,,
Stonelaw Pre-School,https://schoolwearmadeeasy.com/collections/stonelaw-pre-school,,
Stonehouse Nursery,https://schoolwearmadeeasy.com/collections/stonehouse-nursery,,
Summers Nursery,https://schoolwearmadeeasy.com/collections/summers-nursery,,
Symington EYC,https://schoolwearmadeeasy.com/collections/symington-eyc,,
Tarves Nursery,https://schoolwearmadeeasy.com/collections/tarves-nursery,,
Thornliebank Nursery,https://schoolwearmadeeasy.com/collections/thornliebank-nursery,,
Tiny Tots Nursery Cumbernauld,https://schoolwearmadeeasy.com/collections/tiny-tots-nursery-cumbernauld,,
Todholm Nursery,https://schoolwearmadeeasy.com/collections/todholm-nursery,,
Towie Nursery,https://schoolwearmadeeasy.com/collections/towie-nursery,,
Wallace Nursery,https://schoolwearmadeeasy.com/collections/wallace-nursery,,
West Nursery,https://schoolwearmadeeasy.com/collections/west-nursery,,
Westhill Nursery,https://schoolwearmadeeasy.com/collections/westhill-nursery,,
Williamsburgh ELCC,https://schoolwearmadeeasy.com/collections/williamsburgh-elcc,,
Willowview Nursery,https://schoolwearmadeeasy.com/collections/willowview-nursery,,
Winchburgh Nursery,https://schoolwearmadeeasy.com/collections/winchburgh-nursery,,
Woodlands Nursery,https://schoolwearmadeeasy.com/collections/woodlands-nursery,,
Woodlands Nursery Livingston,https://schoolwearmadeeasy.com/collections/woodlands-nursery-livingston,,
Alness Academy,https://schoolwearmadeeasy.com/collections/alness-academy,,
Ardnamurchan High,https://schoolwearmadeeasy.com/collections/ardnamurchan-high,,
Ardsgoil Ghaidhlig Ghlaschu,https://schoolwearmadeeasy.com/collections/ardsgoil-ghaidhlig-ghlaschu,,
Ashton Secondary,https://schoolwearmadeeasy.com/collections/ashton-secondary,,
Banchory Academy,https://schoolwearmadeeasy.com/collections/banchory-academy,,
Barrhead High,https://schoolwearmadeeasy.com/collections/barrhead-high,,
Campbeltown Grammar School,https://schoolwearmadeeasy.com/collections/campbeltown-grammar-school,,
Calderglen High,https://schoolwearmadeeasy.com/collections/calderglen-high,,
Castlehead High,https://schoolwearmadeeasy.com/collections/castlehead-high,,
Cathkin High,https://schoolwearmadeeasy.com/collections/cathkin-high-school,,
Charleston Academy,https://schoolwearmadeeasy.com/collections/charleston-academy,,
Craigmarloch Senior School,https://schoolwearmadeeasy.com/collections/craigmarloch-senior-school,,
Dingwall Academy,https://schoolwearmadeeasy.com/collections/dingwall-academy,,
Douglas Academy,https://schoolwearmadeeasy.com/collections/douglas-academy,,
Drumchapel High,https://schoolwearmadeeasy.com/collections/drumchapel-high,,
Farr High,https://schoolwearmadeeasy.com/collections/farr-high,,
Firrhill High,https://schoolwearmadeeasy.com/collections/firrhill-high-leavers-hoodies,,
Fortrose Academy,https://schoolwearmadeeasy.com/collections/fortrose-academy,,
Gairloch High,https://schoolwearmadeeasy.com/collections/gairloch-high,,
Gleniffer High,https://schoolwearmadeeasy.com/collections/gleniffer-high,,
Glenurquhart High,https://schoolwearmadeeasy.com/collections/glenurquhart-high,,
Greenwood Academy,https://schoolwearmadeeasy.com/collections/greenwood-academy,,
Gryffe High,https://schoolwearmadeeasy.com/collections/gryffe-high,,
Hillhead High,https://schoolwearmadeeasy.com/collections/hillhead-high,,
Inverness High,https://schoolwearmadeeasy.com/collections/inverness-high,,
Inverness Royal Academy,https://schoolwearmadeeasy.com/collections/inverness-royal-academy,,
Irvine Royal Academy,https://schoolwearmadeeasy.com/collections/irvine-royal-academy,,
Johnstone High,https://schoolwearmadeeasy.com/collections/johnstone-high,,
Keith Grammar,https://schoolwearmadeeasy.com/collections/keith-grammar,,
Kemnay Academy,https://schoolwearmadeeasy.com/collections/kemnay-academy,,
Kilchuimen Academy,https://schoolwearmadeeasy.com/collections/kilchuimen-academy,,
Kingussie High,https://schoolwearmadeeasy.com/collections/kingussie-high,,
Kinlochbervie High,https://schoolwearmadeeasy.com/collections/kinlochbervie-high,,
Kinross High,https://schoolwearmadeeasy.com/collections/kinross-high,,
Linburn Academy,https://schoolwearmadeeasy.com/collections/linburn-academy,,
Linwood High,https://schoolwearmadeeasy.com/collections/linwood-high,,
Lochaber High,https://schoolwearmadeeasy.com/collections/lochaber-high,,
Lochgilphead High,https://schoolwearmadeeasy.com/collections/lochgilphead-high,,
Marr College,https://schoolwearmadeeasy.com/collections/marr-college,,
Meldrum Academy S1-S3 Pupils,https://schoolwearmadeeasy.com/collections/mealdrum-academy-s1-s3-pupils,,
Meldrum Academy S4-S6 Pupils,https://schoolwearmadeeasy.com/collections/meldrum-academy-s4-s6-pupils,,
Millburn Academy,https://schoolwearmadeeasy.com/collections/millburn-academy,,
Morrisons Academy,https://schoolwearmadeeasy.com/collections/morrisons-academy,,
Nairn Academy,https://schoolwearmadeeasy.com/collections/nairn-academy,,
Paisley Grammar,https://schoolwearmadeeasy.com/collections/paisley-grammar,,
Parklands Senior,https://schoolwearmadeeasy.com/collections/parklands-senior,,
Park Mains High,https://schoolwearmadeeasy.com/collections/park-mains-high,,
Portree High,https://schoolwearmadeeasy.com/collections/portree-high,,
Riverbrae Secondary,https://schoolwearmadeeasy.com/collections/riverbrae-secondary,,
Sir E Scott Senior School,https://schoolwearmadeeasy.com/collections/sir-e-school-senior-school,,
St Andrews Academy,https://schoolwearmadeeasy.com/collections/st-andrews-academy,,
St Andrews Secondary Inverurie,https://schoolwearmadeeasy.com/collections/st-andrews-secondary-inverurie,,
St Benedicts High,https://schoolwearmadeeasy.com/collections/st-benedicts-high,,
St Lukes High,https://schoolwearmadeeasy.com/collections/st-lukes-high,,
St Matthews Academy,https://schoolwearmadeeasy.com/collections/st-matthews-academy,,
Stanecastle Secondary,https://schoolwearmadeeasy.com/collections/stanecastle-secondary,,
Thurso High,https://schoolwearmadeeasy.com/collections/thurso-high,,
Trinity High,https://schoolwearmadeeasy.com/collections/trinity-high,,
Turriff Academy,https://schoolwearmadeeasy.com/collections/turriff-academy,,
Wallace Hall Academy,https://schoolwearmadeeasy.com/collections/wallace-hall-academy,,
Wick High,https://schoolwearmadeeasy.com/collections/wick-high,,
Woodfarm High,https://schoolwearmadeeasy.com/collections/woodfarm-high,,
Clydebank Squadron 1740,https://schoolwearmadeeasy.com/collections/clydebank-squadron-1741,,
Dumbarton Blackburn Squadron 1777,https://schoolwearmadeeasy.com/collections/dumbarton-blackburn-squadron-1777,,
Johnstone Squadron 1701,https://schoolwearmadeeasy.com/collections/johnstone-squadron-1701,,
Maryhill Squadron 122,https://schoolwearmadeeasy.com/collections/maryhill-squadron-122,,
Paisley Squadron 396,https://schoolwearmadeeasy.com/collections/paisley-squadron-396,,
Rolls Royce Squadron 2175,https://schoolwearmadeeasy.com/collections/rolls-royce-squadron-2175,,
Dargavel ELCC Staff,https://schoolwearmadeeasy.com/collections/dargavel-elcc-staff,,
Dunbeg Primary Staff,https://schoolwearmadeeasy.com/collections/dunbeg-primary-staff,,
Girvan Early Years Staff,https://schoolwearmadeeasy.com/collections/givan-early-years-staff,,
Healthy Steps Childcare,https://schoolwearmadeeasy.com/collections/healthy-steps-childcare-1,,
Ivy In The Park Staff,https://schoolwearmadeeasy.com/collections/ivy-in-the-park-staff,,
Ivy Kindergarten Staff,https://schoolwearmadeeasy.com/collections/ivy-kindergarten-staff,,
Kirkstyle ELC Carluke Staff,https://schoolwearmadeeasy.com/collections/kirkstyle-elc-carluke-staff,,
My Second Home Nursery,https://schoolwearmadeeasy.com/collections/my-second-home-nursery-staff,,
Primrose City Nursery Staff,https://schoolwearmadeeasy.com/collections/primrose-city-nursery-staff,,
Primrose Day Nursery Staff,https://schoolwearmadeeasy.com/collections/primrose-day-nursery-staff,,
Renton Primary Staff,https://schoolwearmadeeasy.com/collections/renton-primary-staff,,
Summers Nursery Staff,https://schoolwearmadeeasy.com/collections/summers-nursery-staff,,
